ID,sex,group,phase,A1,A2,A3,A4,B1,B2,B3,B4,C1,C2,C3,C4,D1,D2,D3,D4,feed.A,feed.B,feed.C,feed.D,total,feed.edge,feed.middle,feed.rewarding,,,,,,,,,,,,,,,,,,,,,,,,,,,,,,,,,,,,,,,,,,,,,,,,,,,,,,
1,F,centre,naive,4,0,0,0,1,0,0,0,0,0,0,0,0,0,0,0,4,1,0,0,5,1,1,0,A1,A1,A1,A1,B1,,,,,,,,,,,,,,,,,,,,,,,,,,,,,,,,,,,,,,,,,,,,,,,,,
3,F,centre,naive,0,0,0,0,0,0,0,0,1,0,0,0,4,4,1,1,0,0,1,10,11,6,1,0,D1,C1,D4,D2,D2,D1,D2,D3,D2,D1,D1,,,,,,,,,,,,,,,,,,,,,,,,,,,,,,,,,,,,,,,,,,,
6,F,centre,naive,0,1,1,0,1,0,1,0,1,0,0,0,2,2,0,0,2,2,1,4,9,6,3,1,A2,D2,D1,B1,A3,B3,D1,D2,C1,,,,,,,,,,,,,,,,,,,,,,,,,,,,,,,,,,,,,,,,,,,,,
12,F,centre,naive,1,0,0,0,1,1,0,1,0,0,1,0,1,1,2,1,1,3,1,5,10,5,4,2,C3,B2,A1,B1,D2,B4,D4,D3,D1,D3,,,,,,,,,,,,,,,,,,,,,,,,,,,,,,,,,,,,,,,,,,,,
15,F,centre,naive,0,2,1,1,0,0,0,0,0,0,1,1,4,2,2,1,4,0,2,9,15,8,2,1,D2,D1,A3,C4,D3,C3,D4,A2,D2,D1,D3,A2,A4,D1,D1,,,,,,,,,,,,,,,,,,,,,,,,,,,,,,,,,,,,,,,
19,M,centre,naive,0,0,0,0,0,0,1,1,0,0,1,1,0,1,1,1,0,2,2,3,7,4,4,2,D3,C3,B3,B4,C4,D4,D2,,,,,,,,,,,,,,,,,,,,,,,,,,,,,,,,,,,,,,,,,,,,,,,
22,M,centre,naive,1,2,2,1,0,0,0,1,0,0,0,0,2,0,1,1,6,1,0,4,11,6,1,0,B4,D4,D3,D1,A2,A3,A2,A1,D1,A4,A3,,,,,,,,,,,,,,,,,,,,,,,,,,,,,,,,,,,,,,,,,,,
23,M,centre,naive,2,1,1,2,2,0,1,2,5,1,0,2,4,1,4,4,6,5,8,13,32,18,13,2,C2,C1,D1,D2,D3,D4,C4,B4,A4,A4,B4,C4,D3,D4,B3,A2,B1,D1,D4,D3,D1,C1,A1,C1,D1,C1,B1,A1,A3,C1,D3,,,,,,,,,,,,,,,,,,,,,,,
24,F,centre,naive,0,2,3,2,1,0,3,2,1,0,1,1,2,0,0,1,7,6,3,3,19,10,9,4,B4,C4,C3,B3,A3,D4,D1,A4,A3,A2,B1,A4,A3,A2,B3,C1,D1,B4,B3,,,,,,,,,,,,,,,,,,,,,,,,,,,,,,,,,,,
25,F,centre,naive,0,2,2,1,0,0,2,1,0,1,0,2,2,0,0,0,5,3,3,2,13,7,6,3,B4,B3,C4,A3,A2,A3,A4,B3,D1,D1,A2,C2,C4,,,,,,,,,,,,,,,,,,,,,,,,,,,,,,,,,,,,,,,,,
26,M,centre,naive,0,0,0,1,0,0,2,2,1,1,1,1,0,0,1,3,1,4,4,4,13,5,8,4,C4,D4,D3,C3,D4,B4,A4,B4,B3,B3,D4,C2,C1,,,,,,,,,,,,,,,,,,,,,,,,,,,,,,,,,,,,,,,,,
27,M,centre,naive,1,2,0,0,0,0,0,1,0,0,1,0,2,3,0,0,3,1,1,5,10,6,2,1,D2,B4,D2,C3,A2,D2,D1,A1,A2,D1,,,,,,,,,,,,,,,,,,,,,,,,,,,,,,,,,,,,,,,,,,,,
28,F,centre,naive,0,1,1,1,0,1,2,1,0,1,1,0,0,0,0,0,3,4,2,0,9,3,6,5,B3,B2,B4,C3,C2,A2,A3,B3,A4,,,,,,,,,,,,,,,,,,,,,,,,,,,,,,,,,,,,,,,,,,,,,
30,F,centre,naive,0,0,1,1,3,2,0,0,0,1,1,0,2,0,0,0,2,5,2,2,11,4,7,4,B2,A4,A3,C3,C2,B1,B1,D1,D1,B2,B1,,,,,,,,,,,,,,,,,,,,,,,,,,,,,,,,,,,,,,,,,,,
31,F,centre,naive,0,0,0,0,0,0,0,0,0,0,1,0,3,0,3,3,0,0,1,9,10,3,1,1,D4,D3,D3,C3,D4,D4,D3,D1,D1,D1,,,,,,,,,,,,,,,,,,,,,,,,,,,,,,,,,,,,,,,,,,,,
32,F,centre,naive,0,0,0,0,0,0,0,1,0,1,1,1,1,3,1,3,0,1,3,8,12,6,4,2,D3,D2,D1,D4,C4,B4,D4,C3,D4,D2,C2,D2,,,,,,,,,,,,,,,,,,,,,,,,,,,,,,,,,,,,,,,,,,
34,F,centre,naive,1,2,0,0,4,0,0,0,0,1,2,0,0,1,1,2,3,4,3,4,14,8,7,3,D4,D3,C3,C2,B1,B1,A2,C3,D4,D2,A2,B1,B1,A1,,,,,,,,,,,,,,,,,,,,,,,,,,,,,,,,,,,,,,,,
35,F,centre,naive,5,1,0,3,3,5,2,0,3,2,0,0,0,2,2,3,9,10,5,7,31,11,15,9,A4,B3,B2,A1,A1,A1,B1,C1,A4,A1,D4,B2,B1,D3,A4,D2,A2,A1,D4,B3,B2,B1,C1,D4,B2,C2,D2,D3,C2,C1,B2,,,,,,,,,,,,,,,,,,,,,,,
37,M,centre,naive,0,0,0,0,0,2,1,0,0,0,1,0,1,0,1,0,0,3,1,2,6,1,4,4,D3,C3,B2,D1,B3,B2,,,,,,,,,,,,,,,,,,,,,,,,,,,,,,,,,,,,,,,,,,,,,,,,
39,M,centre,naive,3,4,3,2,0,3,1,3,2,1,1,2,1,0,0,2,12,7,6,3,28,14,13,6,C2,B2,A2,D4,C4,B4,A4,A3,A2,A1,A1,C1,A2,B2,C1,A1,A3,B4,D4,C4,B4,A4,A3,B3,C3,B2,A2,D1,,,,,,,,,,,,,,,,,,,,,,,,,,
42,M,centre,naive,1,1,2,0,2,1,2,2,0,1,1,1,1,0,2,2,4,7,3,5,19,10,10,5,B3,A3,D4,C3,B2,B1,A2,A3,C2,D3,B4,B3,D1,B1,A1,C4,B4,D4,D3,,,,,,,,,,,,,,,,,,,,,,,,,,,,,,,,,,,
43,F,centre,naive,0,0,1,1,0,0,2,1,0,0,3,0,0,1,3,0,2,3,3,4,12,6,6,5,D3,B4,A4,B3,D2,A3,C3,D3,C3,D3,C3,B3,,,,,,,,,,,,,,,,,,,,,,,,,,,,,,,,,,,,,,,,,,
47,M,centre,naive,1,2,3,1,0,2,1,1,0,1,1,1,1,2,1,1,7,4,3,5,19,10,7,5,B3,A3,A4,A3,A2,A3,A2,A1,D3,D2,D1,C4,C3,D4,B4,B2,D2,C2,B2,,,,,,,,,,,,,,,,,,,,,,,,,,,,,,,,,,,
1,F,centre,trained,1,1,5,3,2,1,2,2,2,1,1,0,1,1,2,5,10,7,4,9,30,15,11,5,D4,D3,B2,A2,B1,A3,B3,A4,D4,D2,C1,A4,B4,C1,C3,B3,D4,B4,A3,B1,C2,D4,A3,D3,D1,A1,A3,D4,A4,A3,,,,,,,,,,,,,,,,,,,,,,,,
3,F,centre,trained,0,1,8,5,0,5,4,7,2,0,1,1,0,1,0,2,14,16,4,3,37,20,20,10,A4,A3,B2,D4,C3,B3,A4,B4,D4,C4,A3,A3,B2,D2,B4,A3,B2,A4,A3,B2,C1,B4,A4,A3,A2,B4,A4,C1,B4,B3,B3,B2,B4,A3,A3,B4,B3,,,,,,,,,,,,,,,,,
6,F,centre,trained,1,0,0,5,1,0,1,0,0,0,0,0,1,1,2,3,6,2,0,7,15,4,2,1,D4,D3,D2,A4,D4,D3,A4,A1,B3,D4,A4,D1,B1,A4,A1,,,,,,,,,,,,,,,,,,,,,,,,,,,,,,,,,,,,,,,
12,F,centre,trained,3,3,0,1,0,1,2,0,1,1,1,2,3,5,4,3,7,3,5,15,30,15,8,5,D4,D3,D2,D1,D1,B3,A2,A1,A1,C1,A2,B3,A4,C4,C2,D4,D3,D2,D4,C4,C3,D2,D1,D3,D2,A2,A1,D3,D2,B2,,,,,,,,,,,,,,,,,,,,,,,,
15,F,centre,trained,1,0,1,4,2,1,1,1,3,4,0,1,4,4,3,1,6,5,8,12,31,15,13,6,A4,A3,D2,A4,D3,D3,D2,D1,D2,C2,D1,A4,B4,C4,D4,C2,B1,C1,D2,C2,C1,D1,A4,B3,B1,C2,D3,C1,B2,A1,D1,,,,,,,,,,,,,,,,,,,,,,,
19,M,centre,trained,2,3,2,4,1,0,1,2,1,0,3,4,1,1,2,3,11,4,8,7,30,16,12,4,D4,D3,C3,D3,C3,B3,A3,A4,A4,D4,C4,C4,B1,A1,B4,A4,A4,B4,C3,C4,D4,D2,D1,C1,A2,A2,A3,C4,A2,A1,,,,,,,,,,,,,,,,,,,,,,,,
22,M,centre,trained,5,0,1,4,3,3,3,4,0,0,0,2,2,1,1,1,10,13,2,5,30,12,15,6,B3,B4,C4,D2,A3,B2,B1,A1,B3,B4,A4,B4,B2,A1,B1,B1,B2,B3,A4,A1,A4,D4,A1,B4,A4,C4,D3,D1,D1,A1,,,,,,,,,,,,,,,,,,,,,,,,
23,M,centre,trained,3,1,4,4,2,1,2,2,2,2,2,2,0,2,3,3,12,7,8,8,35,18,15,7,B3,B4,A4,A3,A2,A1,A4,A3,B3,A3,A4,B4,C4,D4,C3,D3,C3,C2,C1,D2,D2,D3,C2,C1,A1,A1,B2,B1,D3,D4,C4,A4,A3,B1,D4,,,,,,,,,,,,,,,,,,,
24,F,centre,trained,0,3,4,6,1,2,4,1,1,1,2,1,0,1,2,1,13,8,5,4,30,14,13,9,A4,A3,A2,A3,A4,A3,A4,B3,B2,B1,C1,C4,C3,B3,A4,B4,A4,A2,D4,D3,D2,C3,B3,D3,C2,B2,A3,A4,A2,B3,,,,,,,,,,,,,,,,,,,,,,,,
25,F,centre,trained,3,1,2,1,1,0,2,0,0,1,1,1,4,0,0,3,7,3,3,7,20,5,6,4,A1,B1,D1,C2,A3,D4,C4,D1,D1,C3,B3,D1,D4,D4,A2,A1,A1,A4,A3,B3,,,,,,,,,,,,,,,,,,,,,,,,,,,,,,,,,,
26,M,centre,trained,0,1,1,3,0,2,1,2,0,4,3,1,0,1,2,2,5,5,8,5,23,8,13,10,D2,B2,A2,A4,C2,C2,C2,B3,B4,A4,C3,D4,D3,D4,D3,C3,C2,C3,A3,B2,B4,A4,C4,,,,,,,,,,,,,,,,,,,,,,,,,,,,,,,
27,M,centre,trained,0,1,0,0,2,0,0,0,0,0,0,0,0,0,0,0,1,2,0,0,3,3,2,0,A2,B1,B1,,,,,,,,,,,,,,,,,,,,,,,,,,,,,,,,,,,,,,,,,,,,,,,,,,,
28,F,centre,trained,0,1,2,2,0,0,0,3,0,1,2,3,0,0,1,5,5,3,6,6,20,10,9,3,C4,A3,D4,A2,C4,A4,C3,A3,D4,D3,B4,A4,D4,C2,D4,C3,C4,B4,D4,B4,,,,,,,,,,,,,,,,,,,,,,,,,,,,,,,,,,
30,F,centre,trained,0,0,0,1,1,4,0,1,0,1,1,2,1,1,1,0,1,6,4,3,14,6,10,6,D3,C3,C4,A4,B2,B1,B2,D1,B4,C2,D2,B2,C4,B2,,,,,,,,,,,,,,,,,,,,,,,,,,,,,,,,,,,,,,,,
31,F,centre,trained,0,0,1,0,0,2,2,0,1,5,6,1,0,3,5,4,1,4,13,12,30,11,17,15,B2,B3,B2,C1,D4,D3,C3,D3,C3,C2,D2,C2,C3,A3,D4,C4,D3,C3,C2,D4,D2,D2,D4,D3,C3,C2,D3,C2,C3,B3,,,,,,,,,,,,,,,,,,,,,,,,
32,F,centre,trained,0,0,0,0,0,0,0,0,0,0,1,0,0,0,0,0,0,0,1,0,1,0,1,1,C3,,,,,,,,,,,,,,,,,,,,,,,,,,,,,,,,,,,,,,,,,,,,,,,,,,,,,
34,F,centre,trained,3,0,0,0,4,2,2,0,2,1,3,2,4,3,1,3,3,8,8,11,30,12,16,8,B2,C3,D3,B1,B3,C1,D1,D4,C4,C3,B1,D2,C1,B1,A1,B2,D1,C2,D1,D4,C4,C3,B3,D2,D1,A1,D2,B1,A1,D4,,,,,,,,,,,,,,,,,,,,,,,,
35,F,centre,trained,1,2,1,3,3,5,0,3,2,2,2,2,0,0,1,3,7,11,8,4,30,14,19,9,B2,A2,B2,D4,C4,D4,C4,C3,B4,A4,B2,B1,C3,B4,D3,C2,C1,B2,A4,D4,B4,A4,A3,A2,A1,B2,B1,B1,C1,C2,,,,,,,,,,,,,,,,,,,,,,,,
37,M,centre,trained,1,2,1,2,2,4,2,2,1,2,4,1,1,2,2,1,6,10,8,6,30,13,18,12,D4,D3,D2,C2,D2,D3,C3,B3,B2,A2,A1,B1,C2,C3,C4,B4,A4,B2,C3,B4,A4,A3,C1,B2,B3,C3,B2,A2,B1,D1,,,,,,,,,,,,,,,,,,,,,,,,
39,M,centre,trained,3,2,2,0,2,1,1,1,2,1,1,1,2,1,1,0,7,5,5,4,21,12,10,4,A2,A3,B4,B3,C2,C3,D3,D2,D1,B2,C1,B1,D1,C1,A1,A3,A2,A1,C4,A1,B1,,,,,,,,,,,,,,,,,,,,,,,,,,,,,,,,,
42,M,centre,trained,0,0,1,1,0,0,0,0,0,0,0,0,0,0,0,0,2,0,0,0,2,1,0,0,A4,A3,,,,,,,,,,,,,,,,,,,,,,,,,,,,,,,,,,,,,,,,,,,,,,,,,,,,
43,F,centre,trained,2,4,2,4,2,1,1,6,1,2,1,4,0,0,0,0,12,10,8,0,30,19,18,5,C4,C3,C2,A1,B1,C1,B4,B4,A4,B3,B4,C2,A2,B4,C4,A4,A3,A2,A1,C4,B4,A4,A3,B1,B2,A2,B4,A4,A2,C4,,,,,,,,,,,,,,,,,,,,,,,,
47,M,centre,trained,1,0,0,0,1,0,0,1,2,2,3,2,3,0,0,0,1,2,9,3,15,6,11,5,C2,C4,C4,C3,C3,B4,D1,C2,D1,C1,D1,C3,C1,B1,A1,,,,,,,,,,,,,,,,,,,,,,,,,,,,,,,,,,,,,,,
1,F,centre,trained2,0,1,1,3,1,2,2,2,1,3,3,3,2,1,2,5,5,7,10,10,32,12,17,10,D4,C3,B3,A3,B2,B3,C2,C4,D3,C2,C3,B2,A2,A4,B4,C4,B4,A4,C2,D4,D3,D1,D4,C3,A4,C4,D4,D2,B1,D1,C1,D4,,,,,,,,,,,,,,,,,,,,,,
3,F,centre,trained2,1,0,2,5,1,1,0,2,2,2,1,5,2,1,4,3,8,4,10,10,32,17,14,4,D2,D3,C1,C1,B2,A1,C4,D1,D3,D3,C3,C2,D4,C4,A4,A4,B1,D4,B4,A4,A3,A3,A4,C2,D4,C4,A4,C4,B4,D3,C4,D1,,,,,,,,,,,,,,,,,,,,,,
6,F,centre,trained2,1,0,0,1,1,0,0,2,3,2,1,1,3,3,2,4,2,3,7,12,24,12,10,3,A1,B4,B4,D2,D1,C1,B1,D3,D4,D4,C3,C2,C4,C2,D4,D1,C1,D3,D2,D1,D2,D4,C1,A4,,,,,,,,,,,,,,,,,,,,,,,,,,,,,,
12,F,centre,trained2,0,0,0,1,0,0,0,1,1,1,0,1,0,1,0,1,1,1,3,2,7,4,4,1,C4,B4,A4,D2,C1,C2,D4,,,,,,,,,,,,,,,,,,,,,,,,,,,,,,,,,,,,,,,,,,,,,,,
15,F,centre,trained2,0,1,0,1,2,2,3,0,0,4,4,3,1,2,2,1,2,7,11,6,26,10,18,13,C4,D4,D1,D3,B3,C3,D3,C3,D2,C2,C4,A4,B1,D2,C2,A2,B3,B2,B3,B2,C2,C4,B1,C2,C3,C3,,,,,,,,,,,,,,,,,,,,,,,,,,,,
22,M,centre,trained2,2,3,1,2,0,1,2,1,2,0,3,0,2,3,3,2,8,4,5,10,27,13,9,6,B4,D4,D3,B3,B2,A2,A4,D4,D3,D2,D1,D3,C3,A4,A2,D2,A3,A1,C3,D1,D2,C1,C3,B3,A2,C1,A1,,,,,,,,,,,,,,,,,,,,,,,,,,,
23,M,centre,trained2,0,1,0,1,1,0,1,3,1,6,3,3,0,5,2,3,2,5,13,10,30,16,18,10,B4,C4,B4,B3,C2,D2,C3,C4,B4,C4,D2,C2,B1,A2,A4,C2,D2,C2,D4,C2,C1,D4,C2,D2,D2,D3,C3,C3,D4,D3,,,,,,,,,,,,,,,,,,,,,,,,
24,F,centre,trained2,3,6,3,2,0,2,1,0,0,2,2,0,1,0,2,1,14,3,4,4,25,11,7,7,A2,A1,A2,A3,A4,C3,D4,A3,A2,A1,B2,A2,A3,A4,C2,D3,D1,A2,A1,C2,B3,C3,D3,B2,A2,,,,,,,,,,,,,,,,,,,,,,,,,,,,,
25,F,centre,trained2,0,0,0,0,0,0,0,1,1,1,1,0,2,0,1,0,0,1,3,3,7,3,4,2,D1,D3,C2,C1,B4,D1,C3,,,,,,,,,,,,,,,,,,,,,,,,,,,,,,,,,,,,,,,,,,,,,,,
26,M,centre,trained2,2,2,2,0,2,6,2,1,0,2,2,1,0,0,0,1,6,11,5,1,23,8,16,12,C2,B2,A2,A1,D4,C4,B4,B3,A3,A2,B2,B2,B1,A1,C3,C2,B1,B2,A3,C3,B3,B2,B2,,,,,,,,,,,,,,,,,,,,,,,,,,,,,,,
28,F,centre,trained2,2,0,1,0,1,2,3,0,1,3,3,0,1,2,0,2,3,6,7,5,21,5,13,11,A3,B2,B1,D4,C3,B3,D2,C2,B3,D2,C1,D1,A1,A1,C3,B3,B2,D4,C3,C2,C2,,,,,,,,,,,,,,,,,,,,,,,,,,,,,,,,,
30,F,centre,trained2,3,0,0,1,1,1,3,0,1,3,0,1,1,2,1,1,4,5,5,5,19,6,10,7,D2,C2,A1,D1,C4,C2,C1,D2,A1,D3,D4,B1,A1,B3,B2,B3,C2,A4,B3,,,,,,,,,,,,,,,,,,,,,,,,,,,,,,,,,,,
31,F,centre,trained2,1,1,2,2,1,1,3,0,0,1,3,4,0,1,5,2,6,5,8,8,27,14,13,8,B2,D2,C2,D3,C4,A4,A3,A2,A1,D3,C3,C4,D3,D4,C4,B3,D3,C4,D3,A4,B3,C3,D4,C3,B3,A3,B1,,,,,,,,,,,,,,,,,,,,,,,,,,,
34,F,centre,trained2,2,1,1,1,1,1,1,0,0,3,0,0,3,2,3,1,5,3,3,9,20,8,6,5,D3,C2,B3,C2,B2,D4,D1,A2,A1,D1,D2,C2,A3,D3,D2,D1,A4,A1,B1,D3,,,,,,,,,,,,,,,,,,,,,,,,,,,,,,,,,,
35,F,centre,trained2,1,0,0,3,4,1,2,2,1,3,2,1,2,4,3,1,4,9,7,10,30,15,16,8,C2,D3,C3,D4,B4,D3,D1,C2,A4,B1,B3,C1,B1,D2,B4,B3,B1,D2,C2,D3,D1,A4,A1,D2,B2,C3,C4,A4,B1,D2,,,,,,,,,,,,,,,,,,,,,,,,
37,M,centre,trained2,1,0,2,5,0,2,1,5,3,2,3,2,0,0,1,3,8,8,10,4,30,13,18,8,D4,C4,C3,C2,B2,B2,C1,D4,B4,C1,C4,B4,A4,A3,C2,C1,D4,B4,A4,D3,C3,B4,A4,B3,A1,C3,B4,A4,A3,A4,,,,,,,,,,,,,,,,,,,,,,,,
39,M,centre,trained2,1,1,0,0,1,1,1,0,3,3,2,2,4,3,3,3,2,3,10,13,28,13,13,7,A2,B2,C2,C3,D4,C3,B3,D4,D3,D2,D1,C1,B1,D3,D2,C2,D2,D1,C4,D3,C2,C1,D1,D4,C4,D1,C1,A1,,,,,,,,,,,,,,,,,,,,,,,,,,
42,M,centre,trained2,4,1,2,2,2,2,1,2,3,0,0,2,2,0,0,4,9,7,5,6,27,12,12,3,D4,C4,B4,A4,A3,A3,A1,D1,C1,B1,A1,B4,D4,A4,A2,A1,D4,B2,A1,B1,D1,D4,C1,B3,B2,C1,C4,,,,,,,,,,,,,,,,,,,,,,,,,,,
43,F,centre,trained2,0,0,0,0,0,0,0,1,0,0,0,1,0,4,3,2,0,1,1,9,11,9,2,0,D4,D3,B4,C4,D2,D2,D2,D3,D2,D4,D3,,,,,,,,,,,,,,,,,,,,,,,,,,,,,,,,,,,,,,,,,,,
47,M,centre,trained2,3,1,1,1,5,1,0,0,9,2,1,2,2,1,0,0,6,6,14,3,29,19,20,4,C1,C2,B2,A3,B1,C1,C4,A2,D2,C2,C1,C1,D1,C1,A1,B1,C1,C1,A1,B1,C1,B1,D1,C1,B1,C4,C3,A4,A1,,,,,,,,,,,,,,,,,,,,,,,,,
48,M,border,naive,2,1,1,1,5,1,0,0,4,2,1,1,3,3,3,1,5,6,8,10,29,18,14,10,D4,D3,D2,C2,C1,B1,A1,A4,B2,B1,A2,C4,C3,C2,C1,D1,A1,B1,D2,C1,D1,D3,D1,B1,D3,D2,C1,B1,A3,,,,,,,,,,,,,,,,,,,,,,,,,
49,F,border,naive,2,2,1,0,1,1,1,0,0,0,1,1,0,0,0,2,5,3,2,2,12,5,5,2,A2,A1,B1,B2,B3,D4,D4,C4,C3,A3,A2,A1,,,,,,,,,,,,,,,,,,,,,,,,,,,,,,,,,,,,,,,,,,
51,M,border,naive,1,3,1,1,3,0,0,3,1,2,2,0,1,1,1,2,6,6,5,5,22,13,11,5,A1,B1,C1,D2,D3,D4,A4,B4,C3,C2,A3,B4,C3,D4,C2,B1,A2,A2,D1,B4,A2,B1,,,,,,,,,,,,,,,,,,,,,,,,,,,,,,,,
52,F,border,naive,1,2,2,4,0,0,0,1,0,0,0,1,0,0,1,0,9,1,1,1,12,7,2,1,A2,A3,A4,A4,A4,B4,A4,A3,A2,A1,D3,C4,,,,,,,,,,,,,,,,,,,,,,,,,,,,,,,,,,,,,,,,,,
54,F,border,naive,0,1,0,0,2,0,1,0,4,0,1,0,4,0,0,0,1,3,5,4,13,7,8,4,D1,C1,B1,C1,B1,B3,C3,A2,D1,C1,D1,D1,C1,,,,,,,,,,,,,,,,,,,,,,,,,,,,,,,,,,,,,,,,,
56,F,border,naive,0,1,1,1,2,2,2,0,3,2,1,0,1,2,2,0,3,6,6,5,20,11,12,5,B1,C1,D1,C1,B1,C2,C3,C2,D2,D3,B3,A3,D3,D2,C1,B2,A2,B2,B3,A4,,,,,,,,,,,,,,,,,,,,,,,,,,,,,,,,,,
58,M,border,naive,2,3,2,1,1,4,1,0,0,4,0,3,2,3,2,2,8,6,7,9,30,14,13,8,C2,B2,D2,C2,B2,B1,A2,B2,C2,D1,B2,A1,A2,A4,A2,D2,D4,C4,D1,C4,D3,D2,B3,A3,C4,D3,D4,C2,A3,A1,,,,,,,,,,,,,,,,,,,,,,,,
62,M,border,naive,2,2,2,1,0,0,1,1,2,2,0,2,2,5,4,4,7,2,6,15,30,18,8,7,D3,D2,C2,D2,D3,D4,C4,B3,A3,B4,A4,D3,D4,D4,C4,A3,A2,A1,D2,D1,C1,C1,A2,A1,D2,C2,D2,D4,D3,D1,,,,,,,,,,,,,,,,,,,,,,,,
64,F,border,naive,0,0,1,0,0,0,0,0,0,0,2,0,1,1,1,2,1,0,2,5,8,3,2,1,D3,C3,D2,D4,A3,D4,C3,D1,,,,,,,,,,,,,,,,,,,,,,,,,,,,,,,,,,,,,,,,,,,,,,
66,F,border,naive,2,0,0,0,1,0,0,1,1,0,0,0,2,0,0,0,2,2,1,2,7,3,3,2,B4,D1,C1,A1,B1,A1,D1,,,,,,,,,,,,,,,,,,,,,,,,,,,,,,,,,,,,,,,,,,,,,,,
68,F,border,naive,0,0,1,0,0,2,1,0,4,1,0,1,3,1,1,0,1,3,6,5,15,8,9,5,C1,B2,C2,C4,B3,B2,C1,D1,D1,C1,C1,D1,D2,D3,A3,,,,,,,,,,,,,,,,,,,,,,,,,,,,,,,,,,,,,,,
69,F,border,naive,0,0,0,1,0,0,1,1,0,1,1,0,0,0,1,0,1,2,2,1,6,2,4,1,A4,B4,B3,C3,D3,C2,,,,,,,,,,,,,,,,,,,,,,,,,,,,,,,,,,,,,,,,,,,,,,,,
70,F,border,naive,0,1,1,3,0,1,1,2,1,0,0,0,1,0,0,0,5,4,1,1,11,5,5,1,A4,A4,A4,B4,B3,B2,C1,D1,A3,B4,A2,,,,,,,,,,,,,,,,,,,,,,,,,,,,,,,,,,,,,,,,,,,
72,F,border,naive,1,0,2,1,2,1,1,0,1,1,2,0,1,1,1,0,4,4,4,3,15,7,8,3,B1,A3,B2,C2,D3,C3,B3,A4,A3,A1,C1,B1,D1,C3,D2,,,,,,,,,,,,,,,,,,,,,,,,,,,,,,,,,,,,,,,
74,F,border,naive,1,1,0,0,0,2,1,0,0,1,0,0,0,0,1,1,2,3,1,2,8,2,4,2,B2,A1,B2,C2,D4,D3,A2,B3,,,,,,,,,,,,,,,,,,,,,,,,,,,,,,,,,,,,,,,,,,,,,,
76,F,border,naive,0,2,3,2,0,0,0,2,1,1,2,3,0,2,2,2,7,2,7,6,22,15,9,7,A4,A3,A2,A4,C4,B4,D4,C4,C3,D3,D4,D3,A2,A3,C3,B4,C1,D2,A3,C4,C2,D2,,,,,,,,,,,,,,,,,,,,,,,,,,,,,,,,
77,F,border,naive,0,0,0,1,0,0,0,1,0,0,0,0,0,0,0,0,1,1,0,0,2,1,1,0,B4,A4,,,,,,,,,,,,,,,,,,,,,,,,,,,,,,,,,,,,,,,,,,,,,,,,,,,,
81,M,border,naive,0,0,1,1,0,1,1,0,0,1,2,0,1,1,1,3,2,2,3,6,13,3,5,2,D4,C3,B3,C2,C3,D2,D1,B2,D4,D4,D3,A4,A3,,,,,,,,,,,,,,,,,,,,,,,,,,,,,,,,,,,,,,,,,
83,F,border,naive,1,0,1,1,0,0,0,0,0,0,0,0,0,0,0,0,3,0,0,0,3,1,0,0,A4,A3,A1,,,,,,,,,,,,,,,,,,,,,,,,,,,,,,,,,,,,,,,,,,,,,,,,,,,
87,M,border,naive,0,0,1,2,1,1,0,1,0,0,0,1,1,1,1,0,3,3,1,3,10,6,4,3,A4,A3,B2,B1,A4,B4,C4,D3,D2,D1,,,,,,,,,,,,,,,,,,,,,,,,,,,,,,,,,,,,,,,,,,,,
88,M,border,naive,0,0,1,0,2,0,0,0,1,0,1,1,1,0,0,0,1,2,3,1,7,5,5,1,A3,B1,C1,D1,C4,C3,B1,,,,,,,,,,,,,,,,,,,,,,,,,,,,,,,,,,,,,,,,,,,,,,,
48,M,border,trained,2,2,1,4,3,1,1,2,3,2,0,1,3,2,1,2,9,7,6,8,30,15,13,8,D2,C2,C1,B1,A1,A2,B2,C1,B1,A1,A2,A3,C4,D4,D3,D4,A4,A4,B4,B3,C2,D1,C1,B1,D1,D2,D1,B4,A4,A4,,,,,,,,,,,,,,,,,,,,,,,,
49,F,border,trained,4,0,3,3,2,1,4,0,0,1,3,1,2,2,2,2,10,7,5,8,30,10,12,8,A4,A3,A4,C4,C3,B3,A1,B3,B2,A1,B1,C2,D2,D1,D3,C3,B3,A3,D4,C3,A3,B1,A1,D2,D3,A1,A4,B3,D4,D1,,,,,,,,,,,,,,,,,,,,,,,,
51,M,border,trained,3,2,3,3,1,0,1,2,1,1,1,4,1,2,1,4,11,4,7,8,30,16,11,8,C4,B4,A4,A4,A3,A2,A1,A3,B3,C4,D4,D4,B4,A2,A1,D2,D4,D3,C4,C3,A4,D2,D4,C4,D1,C1,C2,A3,B1,A1,,,,,,,,,,,,,,,,,,,,,,,,
52,F,border,trained,2,0,0,0,1,0,0,0,1,0,0,1,1,0,0,1,2,1,2,2,7,3,3,2,A1,A1,B1,C1,D4,C4,D1,,,,,,,,,,,,,,,,,,,,,,,,,,,,,,,,,,,,,,,,,,,,,,,
54,F,border,trained,1,0,0,1,4,0,0,1,2,2,1,2,2,3,3,7,2,5,7,15,29,15,12,15,C2,D4,D4,C4,D4,D4,D3,D2,A1,B1,D3,D4,D4,C4,C1,D1,D4,C3,A4,B4,D3,D2,D1,D2,B1,B1,C1,C2,B1,,,,,,,,,,,,,,,,,,,,,,,,,
56,F,border,trained,0,0,2,1,1,1,1,2,0,2,2,1,1,3,6,5,3,5,5,15,28,15,10,15,C3,D2,B3,D4,C2,D3,D4,C2,A3,A4,B4,B2,D3,D4,D4,D3,C3,D2,D1,B1,D3,C4,B4,A3,D3,D2,D3,D4,,,,,,,,,,,,,,,,,,,,,,,,,,
58,M,border,trained,1,0,3,0,1,0,1,0,2,2,1,2,3,4,8,2,4,2,7,17,30,20,9,4,A3,B3,A3,B1,C2,A3,C2,D3,D2,D1,D3,D2,D1,C1,A1,C1,D1,D2,D3,D4,D4,C4,D3,D3,D2,C4,D3,C3,D3,D3,,,,,,,,,,,,,,,,,,,,,,,,
62,M,border,trained,3,1,3,1,0,3,2,2,3,0,1,2,1,0,3,3,8,7,6,7,28,14,13,8,D4,C4,C3,B4,B3,B2,C1,D1,D4,B3,B2,A1,D3,C1,A1,A3,D3,B4,A4,A3,A2,A1,C4,D3,C1,B2,A3,D4,,,,,,,,,,,,,,,,,,,,,,,,,,
64,F,border,trained,4,2,1,1,1,0,1,1,3,3,1,1,4,2,1,3,8,3,8,10,29,12,11,8,B4,B3,A2,A1,D2,D4,C3,C2,C1,B1,A1,C2,C1,D1,D4,C4,A4,A3,A2,A1,A1,D1,D4,D3,D1,C2,C1,D2,D1,,,,,,,,,,,,,,,,,,,,,,,,,
66,F,border,trained,6,1,0,1,2,0,0,1,2,0,1,0,5,2,4,1,8,3,3,12,26,12,6,8,A4,B4,C3,D1,A1,C1,B1,D1,A1,B1,C1,D1,A2,D4,D2,D1,D3,A1,D2,D3,D3,D1,A1,D3,A1,A1,,,,,,,,,,,,,,,,,,,,,,,,,,,,
68,F,border,trained,2,0,1,2,2,0,0,2,3,1,1,1,2,1,3,2,5,4,6,8,23,13,10,8,D4,C4,D3,C3,D1,C1,B1,A1,A1,B1,D3,D2,B4,A4,A3,C1,D1,D4,D3,C1,B4,A4,C2,,,,,,,,,,,,,,,,,,,,,,,,,,,,,,,
69,F,border,trained,1,1,2,1,1,1,0,1,2,2,2,1,2,1,0,1,5,3,7,4,19,9,10,5,A3,C3,C1,A2,A4,B4,C2,D2,D4,C4,C3,B1,C1,D1,D1,C2,B2,A1,A3,,,,,,,,,,,,,,,,,,,,,,,,,,,,,,,,,,,
70,F,border,trained,3,1,2,0,3,0,1,0,3,0,2,1,2,2,0,2,6,4,6,6,22,12,10,6,A1,B1,A3,D4,D1,A1,A2,D4,C4,C3,B3,C3,D2,D1,C1,B1,A3,D2,C1,C1,A1,B1,,,,,,,,,,,,,,,,,,,,,,,,,,,,,,,,
72,F,border,trained,2,2,3,4,2,1,0,1,1,0,1,3,1,1,3,5,11,4,5,10,30,16,9,10,A3,B2,A2,A3,C4,D4,D4,D4,D3,C4,A4,A4,A4,A3,A2,A1,D1,C1,B4,A4,A1,B1,D4,C4,D4,D3,B1,D2,D3,C3,,,,,,,,,,,,,,,,,,,,,,,,
74,F,border,trained,0,0,3,1,3,2,2,0,0,0,0,3,0,1,1,3,4,7,3,5,19,11,10,4,B2,B1,A3,C4,D4,B2,D4,C4,B3,A3,D2,B1,B1,A4,B3,D4,C4,A3,D3,,,,,,,,,,,,,,,,,,,,,,,,,,,,,,,,,,,
76,F,border,trained,1,1,1,2,1,2,0,1,2,1,1,2,4,4,3,4,5,4,6,15,30,15,10,5,D4,D3,D1,C1,B1,B2,A1,C2,C1,D1,D2,D4,C4,B4,A4,A4,A3,B2,D3,D4,C4,D3,D2,C3,D2,D1,D2,A2,D1,D4,,,,,,,,,,,,,,,,,,,,,,,,
77,F,border,trained,1,1,2,2,2,1,1,2,1,4,1,1,2,0,2,2,6,6,7,6,25,11,13,6,B4,B3,B1,C1,D1,D4,D3,C3,B4,A4,A3,A2,A3,A4,C2,B2,C2,D1,C2,D3,D4,C4,C2,B1,A1,,,,,,,,,,,,,,,,,,,,,,,,,,,,,
81,M,border,trained,5,1,0,1,4,3,1,0,3,0,0,0,2,0,0,0,7,8,3,2,20,8,11,7,B3,B2,B1,C1,D1,D1,B2,A1,A1,C1,B1,A1,B2,A1,B1,C1,B1,A1,A2,A4,,,,,,,,,,,,,,,,,,,,,,,,,,,,,,,,,,
83,F,border,trained,0,1,0,0,2,0,0,0,2,0,0,0,1,0,0,0,1,2,2,1,6,5,4,1,D1,C1,B1,A2,B1,C1,,,,,,,,,,,,,,,,,,,,,,,,,,,,,,,,,,,,,,,,,,,,,,,,
87,M,border,trained,4,2,0,0,2,3,1,0,2,2,3,2,4,3,2,0,6,6,9,9,30,13,15,9,D3,C4,C3,C2,C3,B3,B2,B1,D1,D2,D1,C1,B2,B1,A1,A2,A1,A2,A1,A1,C1,D2,D1,D3,C2,C3,C4,D2,D1,B2,,,,,,,,,,,,,,,,,,,,,,,,
88,M,border,trained,5,2,1,1,1,0,0,1,3,2,1,2,4,3,2,2,9,2,8,11,30,15,10,11,D1,C2,D4,C4,A4,B4,A1,C1,B1,A1,D2,A1,D3,D2,D1,C1,D3,C3,D2,D4,C4,C2,A2,A3,D1,A2,A1,C1,D1,A1,,,,,,,,,,,,,,,,,,,,,,,,
48,M,border,trained2,2,1,0,0,1,1,0,2,2,2,2,3,3,5,2,3,3,4,9,13,29,16,13,13,D3,C4,D3,C2,C1,B1,A1,B4,C4,D4,D4,C4,A2,D2,D1,D2,D4,C1,D1,D2,B2,D2,D1,D2,C3,B4,A1,C2,C3,,,,,,,,,,,,,,,,,,,,,,,,,
49,F,border,trained2,1,2,3,0,3,1,1,1,4,2,0,1,0,4,3,3,6,6,7,10,29,21,13,10,A3,A2,A3,A2,A3,B3,C2,D4,D3,C1,A1,B1,C1,D2,D4,D3,D2,B1,C1,C1,B2,C2,D2,D4,D3,D2,B1,B4,C4,,,,,,,,,,,,,,,,,,,,,,,,,
51,M,border,trained2,1,1,1,3,2,1,0,5,1,0,2,2,1,3,4,3,6,8,5,11,30,19,13,11,D4,C4,C3,C4,B4,B4,A4,D3,B4,B1,D2,D3,D3,D2,A4,B2,B4,D4,D3,C3,A1,C1,D1,A2,B4,D4,A4,A3,D2,B1,,,,,,,,,,,,,,,,,,,,,,,,
52,F,border,trained2,0,0,0,0,1,1,0,0,0,0,0,0,0,1,0,0,0,2,0,1,3,2,2,1,D2,B2,B1,,,,,,,,,,,,,,,,,,,,,,,,,,,,,,,,,,,,,,,,,,,,,,,,,,,
54,F,border,trained2,0,2,2,2,1,1,1,1,0,1,1,0,1,1,0,0,6,4,2,2,14,7,6,2,B4,A4,A3,A2,B1,C3,D1,B3,C2,B2,A4,A3,A2,D2,,,,,,,,,,,,,,,,,,,,,,,,,,,,,,,,,,,,,,,,
56,F,border,trained2,2,0,0,2,2,0,1,2,0,0,0,2,4,1,4,1,4,5,2,10,21,11,7,10,A4,B3,D2,B4,D3,D1,A1,D3,D4,D3,B1,D1,D3,C4,A4,B1,D1,D1,A1,C4,B4,,,,,,,,,,,,,,,,,,,,,,,,,,,,,,,,,
58,M,border,trained2,6,3,1,1,1,0,0,0,4,1,1,1,3,3,0,2,11,1,7,8,27,13,8,11,C2,D2,D1,D2,C3,A2,C1,B1,A1,A3,A2,A1,C1,A2,A1,D4,C4,A4,A1,D2,C1,D4,D1,D1,C1,A1,A1,,,,,,,,,,,,,,,,,,,,,,,,,,,
62,M,border,trained2,5,3,2,3,3,3,2,3,2,1,0,1,0,0,1,1,13,11,4,2,30,15,15,13,B3,B2,C1,D3,D4,C4,B4,A4,A4,A2,A1,B1,C1,B1,A1,B4,A4,A3,B2,A1,B4,A3,A2,C2,A2,B1,A1,B3,B2,A1,,,,,,,,,,,,,,,,,,,,,,,,
64,F,border,trained2,5,3,1,3,0,0,1,3,1,0,0,1,0,0,1,1,12,4,2,2,20,10,6,12,B4,A4,A3,A2,A1,A1,D4,C4,B4,A4,D3,B4,A4,B3,A2,A1,C1,A1,A2,A1,,,,,,,,,,,,,,,,,,,,,,,,,,,,,,,,,,
66,F,border,trained2,2,2,1,2,0,1,3,1,0,0,3,2,5,3,3,2,7,5,5,13,30,12,10,7,D4,C4,D3,D1,A1,B2,A4,B3,B4,C3,D3,D1,B3,A2,D2,D1,D4,D3,A4,B3,A3,A2,D2,D1,A1,C3,D1,C4,C3,D2,,,,,,,,,,,,,,,,,,,,,,,,
68,F,border,trained2,2,2,2,0,1,0,0,1,0,2,0,1,3,1,2,2,6,2,3,8,19,10,5,8,A3,A2,A1,C2,D3,D4,D3,D2,D1,A2,A1,D1,D4,C4,B4,D1,B1,C2,A3,,,,,,,,,,,,,,,,,,,,,,,,,,,,,,,,,,,
69,F,border,trained2,1,1,2,1,1,1,1,3,0,2,1,2,2,4,3,1,5,6,5,10,26,16,11,5,D3,C4,D3,D2,C2,B4,A4,B3,A1,D2,C2,D2,D3,D2,A2,B2,D1,B1,D1,D4,C4,B4,A3,C3,B4,A3,,,,,,,,,,,,,,,,,,,,,,,,,,,,
70,F,border,trained2,2,1,3,2,1,0,2,3,1,1,3,2,1,0,4,1,8,6,7,6,27,15,13,6,C4,A3,B3,C3,D3,B3,B4,A4,A3,A4,A1,B1,D1,A3,A2,D3,C2,A1,D3,C3,D3,B4,C4,C3,D4,C1,B4,,,,,,,,,,,,,,,,,,,,,,,,,,,
72,F,border,trained2,1,1,0,1,1,0,1,0,1,0,1,2,5,0,1,4,3,2,4,10,19,6,6,10,D1,C1,D1,D4,D4,C4,B3,A1,B1,D1,A2,D4,C4,A4,D4,D3,C3,D1,D1,,,,,,,,,,,,,,,,,,,,,,,,,,,,,,,,,,,
74,F,border,trained2,0,0,1,2,0,0,0,0,0,1,0,0,0,1,0,0,3,0,1,1,5,2,1,3,A4,C2,A3,A4,D2,,,,,,,,,,,,,,,,,,,,,,,,,,,,,,,,,,,,,,,,,,,,,,,,,
76,F,border,trained2,6,2,1,3,1,0,1,3,3,1,0,4,1,0,1,3,12,5,8,5,30,15,13,12,B4,C4,D4,C4,B4,A4,B3,A1,C1,A4,A1,C2,D3,C4,C4,B4,A4,B1,C1,C1,D4,A3,A2,D1,A2,A1,A1,A1,D4,A1,,,,,,,,,,,,,,,,,,,,,,,,
77,F,border,trained2,2,4,1,2,3,1,0,3,1,1,1,2,0,1,2,5,9,7,5,8,29,17,12,8,C3,C4,B4,A4,B4,C4,D4,A3,A1,D2,D4,D3,C2,C1,A2,B1,A2,B2,D4,D3,B4,A1,B1,A2,A2,B1,D4,A4,D4,,,,,,,,,,,,,,,,,,,,,,,,,
81,M,border,trained2,2,1,1,3,2,2,1,2,2,1,1,0,6,2,0,2,7,7,4,10,28,10,11,7,B3,B2,C2,B1,B2,A2,A3,A4,D4,B4,A4,A1,A1,C1,D1,D1,B1,D4,C3,D2,B4,A4,D2,D1,C1,D1,D1,D1,,,,,,,,,,,,,,,,,,,,,,,,,,
