ID,sex,group,phase,reward,feed.A,feed.B,feed.C,feed.D,feed.total,feed.edge,feed.middle,feed.rewarding,feed.RW.side,feed.centre,feed.nonreward.edge,prop.RW,feed.A.D,feed.B1.C1.B4.C4
1,F,centre,naive,centre,4,1,0,0,5,1,1,0,,0,,0,4,1
3,F,centre,naive,centre,0,0,1,10,11,6,1,0,,0,,0,10,1
6,F,centre,naive,centre,2,2,1,4,9,6,3,1,,1,,0.111111111,6,2
12,F,centre,naive,centre,1,3,1,5,10,5,4,2,,2,,0.2,6,2
15,F,centre,naive,centre,4,0,2,9,15,8,2,1,,1,,0.066666667,13,1
19,M,centre,naive,centre,0,2,2,3,7,4,4,2,,2,,0.285714286,3,2
22,M,centre,naive,centre,6,1,0,4,11,6,1,0,,0,,0,10,1
23,M,centre,naive,centre,6,5,8,13,32,18,13,2,,2,,0.0625,19,11
24,F,centre,naive,centre,7,6,3,3,19,10,9,4,,4,,0.210526316,10,5
25,F,centre,naive,centre,5,3,3,2,13,7,6,3,,3,,0.230769231,7,3
26,M,centre,naive,centre,1,4,4,4,13,5,8,4,,4,,0.307692308,5,4
27,M,centre,naive,centre,3,1,1,5,10,6,2,1,,1,,0.1,8,1
28,F,centre,naive,centre,3,4,2,0,9,3,6,5,,5,,0.555555556,3,1
30,F,centre,naive,centre,2,5,2,2,11,4,7,4,,4,,0.363636364,4,3
31,F,centre,naive,centre,0,0,1,9,10,3,1,1,,1,,0.1,9,0
32,F,centre,naive,centre,0,1,3,8,12,6,4,2,,2,,0.166666667,8,2
34,F,centre,naive,centre,3,4,3,4,14,8,7,3,,3,,0.214285714,7,4
35,F,centre,naive,centre,9,10,5,7,31,11,15,9,,9,,0.290322581,16,6
37,M,centre,naive,centre,0,3,1,2,6,1,4,4,,4,,0.666666667,2,0
39,M,centre,naive,centre,12,7,6,3,28,14,13,6,,6,,0.214285714,15,7
42,M,centre,naive,centre,4,7,3,5,19,10,10,5,,5,,0.263157895,9,5
43,F,centre,naive,centre,2,3,3,4,12,6,6,5,,5,,0.416666667,6,1
47,M,centre,naive,centre,7,4,3,5,19,10,7,5,,5,,0.263157895,12,2
1,F,centre,trained,centre,10,7,4,9,30,15,11,5,,5,,0.166666667,19,6
3,F,centre,trained,centre,14,16,4,3,37,20,20,10,,10,,0.27027027,17,10
6,F,centre,trained,centre,6,2,0,7,15,4,2,1,,1,,0.066666667,13,1
12,F,centre,trained,centre,7,3,5,15,30,15,8,5,,5,,0.166666667,22,3
15,F,centre,trained,centre,6,5,8,12,31,15,13,6,,6,,0.193548387,18,7
19,M,centre,trained,centre,11,4,8,7,30,16,12,4,,4,,0.133333333,18,8
22,M,centre,trained,centre,10,13,2,5,30,12,15,6,,6,,0.2,15,9
23,M,centre,trained,centre,12,7,8,8,35,18,15,7,,7,,0.2,20,8
24,F,centre,trained,centre,13,8,5,4,30,14,13,9,,9,,0.3,17,4
25,F,centre,trained,centre,7,3,3,7,20,5,6,4,,4,,0.2,14,2
26,M,centre,trained,centre,5,5,8,5,23,8,13,10,,10,,0.434782609,10,3
27,M,centre,trained,centre,1,2,0,0,3,3,2,0,,0,,0,1,2
28,F,centre,trained,centre,5,3,6,6,20,10,9,3,,3,,0.15,11,6
30,F,centre,trained,centre,1,6,4,3,14,6,10,6,,6,,0.428571429,4,4
31,F,centre,trained,centre,1,4,13,12,30,11,17,15,,15,,0.5,13,2
32,F,centre,trained,centre,0,0,1,0,1,0,1,1,,1,,1,0,0
34,F,centre,trained,centre,3,8,8,11,30,12,16,8,,8,,0.266666667,14,8
35,F,centre,trained,centre,7,11,8,4,30,14,19,9,,9,,0.3,11,10
37,M,centre,trained,centre,6,10,8,6,30,13,18,12,,12,,0.4,12,6
39,M,centre,trained,centre,7,5,5,4,21,12,10,4,,4,,0.19047619,11,6
42,M,centre,trained,centre,2,0,0,0,2,1,0,0,,0,,0,2,0
43,F,centre,trained,centre,12,10,8,0,30,19,18,5,,5,,0.166666667,12,13
47,M,centre,trained,centre,1,2,9,3,15,6,11,5,,5,,0.333333333,4,6
48,M,border,naive,D,5,6,8,10,29,18,14,10,18,4,15,0.344827586,15,10
49,F,border,naive,D,5,3,2,2,12,5,5,2,4,3,7,0.166666667,7,2
51,M,border,naive,D,6,6,5,5,22,13,11,5,10,4,13,0.227272727,11,7
52,F,border,naive,D,9,1,1,1,12,7,2,1,2,0,11,0.083333333,10,2
54,F,border,naive,D,1,3,5,4,13,7,8,4,9,2,7,0.307692308,5,6
56,F,border,naive,D,3,6,6,5,20,11,12,5,11,7,8,0.25,8,5
58,M,border,naive,A,8,6,7,9,30,14,13,8,14,9,13,0.266666667,17,4
62,M,border,naive,A,7,2,6,15,30,18,8,7,9,3,20,0.233333333,22,5
64,F,border,naive,A,1,0,2,5,8,3,2,1,1,2,5,0.125,6,0
66,F,border,naive,A,2,2,1,2,7,3,3,2,4,0,5,0.285714286,4,3
68,F,border,naive,D,1,3,6,5,15,8,9,5,11,4,6,0.333333333,6,5
69,F,border,naive,A,1,2,2,1,6,2,4,1,3,3,2,0.166666667,2,1
70,F,border,naive,D,5,4,1,1,11,5,5,1,2,2,8,0.090909091,6,3
72,F,border,naive,D,4,4,4,3,15,7,8,3,7,5,7,0.2,7,3
74,F,border,naive,A,2,3,1,2,8,2,4,2,5,4,2,0.25,4,0
76,F,border,naive,A,7,2,7,6,22,15,9,7,9,3,12,0.318181818,13,6
77,F,border,naive,D,1,1,0,0,2,1,1,0,0,0,2,0,1,1
81,M,border,naive,A,2,2,3,6,13,3,5,2,4,5,6,0.153846154,8,0
83,F,border,naive,D,3,0,0,0,3,1,0,0,0,0,3,0,3,0
87,M,border,naive,D,3,3,1,3,10,6,4,3,4,1,6,0.3,6,3
88,M,border,naive,D,1,2,3,1,7,5,5,1,4,1,5,0.142857143,2,4
48,M,border,trained,D,9,7,6,8,30,15,13,8,14,4,18,0.266666667,17,9
49,F,border,trained,D,10,7,5,8,30,10,12,8,13,9,13,0.266666667,18,3
51,M,border,trained,D,11,4,7,8,30,16,11,8,15,3,19,0.266666667,19,8
52,F,border,trained,D,2,1,2,2,7,3,3,2,4,0,5,0.285714286,4,3
54,F,border,trained,D,2,5,7,15,29,15,12,15,22,3,11,0.517241379,17,9
56,F,border,trained,D,3,5,5,15,28,15,10,15,20,6,7,0.535714286,18,4
58,M,border,trained,A,4,2,7,17,30,20,9,4,6,4,22,0.133333333,21,5
62,M,border,trained,A,8,7,6,7,28,14,13,8,15,6,14,0.285714286,15,7
64,F,border,trained,A,8,3,8,10,29,12,11,8,11,5,16,0.275862069,18,6
66,F,border,trained,A,8,3,3,12,26,12,6,8,11,1,17,0.307692308,20,5
68,F,border,trained,D,5,4,6,8,23,13,10,8,14,2,13,0.347826087,13,8
69,F,border,trained,A,5,3,7,4,19,9,10,5,8,5,9,0.263157895,9,5
70,F,border,trained,D,6,4,6,6,22,12,10,6,12,3,13,0.272727273,12,7
72,F,border,trained,D,11,4,5,10,30,16,9,10,15,2,18,0.333333333,21,7
74,F,border,trained,A,4,7,3,5,19,11,10,4,11,4,11,0.210526316,9,6
76,F,border,trained,A,5,4,6,15,30,15,10,5,9,4,21,0.166666667,20,6
77,F,border,trained,D,6,6,7,6,25,11,13,6,13,7,12,0.24,12,6
81,M,border,trained,A,3,5,2,2,12,5,7,3,8,4,9,0.25,9,7
83,F,border,trained,D,1,2,2,1,6,5,4,1,3,0,5,0.166666667,2,4
87,M,border,trained,D,6,6,9,9,30,13,15,9,18,9,12,0.3,15,6
88,M,border,trained,D,9,2,8,11,30,15,10,11,19,3,16,0.366666667,20,7
